user_login,user_email,source_user_id,user_pass,user_nicename,user_url,user_registered,display_name,role,nickname,first_name,last_name,description,rich_editing,syntax_highlighting,comment_shortcuts,admin_color,use_ssl,show_admin_bar_front,locale,wp_capabilities,wp_user_level,dismissed_wp_pointers,show_welcome_panel,session_tokens,wp_dashboard_quick_press_last_post_id,community-events-location,wp_user-settings,wp_user-settings-time,meta-box-order_wxas_slider,screen_layout_wxas_slider,billing_first_name,billing_last_name,billing_email,billing_phone,billing_country,billing_address_1,billing_city,billing_state,billing_postcode,shipping_first_name,shipping_last_name,shipping_country,shipping_address_1,shipping_city,shipping_state,shipping_postcode
admin,example@example.com,1,$2a$06$zFfcC/zSosDS.ombYM24auGMFYGanpPfjNUEnHeoDCgq1bX/53FK2,admin,http://wp1.localhost,"2022-02-02 21:28:25",admin,administrator,admin,,,,true,true,false,fresh,0,true,,"a:1:{s:13:""administrator"";b:1;}",10,,1,"a:4:{s:64:""371b292aa0b8d2fe8140e728ad8a21a7f352e0df50d947d8bb27ac063d508c07"";a:4:{s:10:""expiration"";i:1679216413;s:2:""ip"";s:9:""127.0.0.1"";s:2:""ua"";s:104:""Mozilla/5.0 (X11; Linux x86_64) AppleWebKit/537.36 (KHTML, like Gecko) Chrome/97.0.4692.99 Safari/537.36"";s:5:""login"";i:1679043613;}s:64:""d3abebf395cc37bcb86ef3cf316aef0535d7528bcff8b0dde87b6159276cdc78"";a:4:{s:10:""expiration"";i:1679300954;s:2:""ip"";s:9:""127.0.0.1"";s:2:""ua"";s:104:""Mozilla/5.0 (X11; Linux x86_64) AppleWebKit/537.36 (KHTML, like Gecko) Chrome/97.0.4692.99 Safari/537.36"";s:5:""login"";i:1679128154;}s:64:""adc1ac884b3f10c3fe94cb8634809300453564b8af57452f61485ef21d57c176"";a:4:{s:10:""expiration"";i:1679320328;s:2:""ip"";s:9:""127.0.0.1"";s:2:""ua"";s:104:""Mozilla/5.0 (X11; Linux x86_64) AppleWebKit/537.36 (KHTML, like Gecko) Chrome/97.0.4692.99 Safari/537.36"";s:5:""login"";i:1679147528;}s:64:""e6a4e42579e3720b239f9cd021dcb450ea40f153c7337dc7bc456bb6ccf50ce4"";a:4:{s:10:""expiration"";i:1679386768;s:2:""ip"";s:9:""127.0.0.1"";s:2:""ua"";s:104:""Mozilla/5.0 (X11; Linux x86_64) AppleWebKit/537.36 (KHTML, like Gecko) Chrome/97.0.4692.99 Safari/537.36"";s:5:""login"";i:1679213968;}}",398,"a:1:{s:2:""ip"";s:9:""127.0.0.0"";}",libraryContent=browse&mfold=o,1679047246,"a:3:{s:4:""side"";s:9:""submitdiv"";s:6:""normal"";s:39:""wxas_meta_box-1,wxas_meta_box-2,slugdiv"";s:8:""advanced"";s:0:"""";}",2,,,,,,,,,,,,,,,,
Alex,Alex@gmail.com,15,$P$B7v9VG9ZnFDiQTQVaIwm3ceFq3BDCA1,alex,,"2023-03-17 09:58:39","Alex Wilkins",contributor,Alex,Alex,Wilkins,,true,true,false,fresh,0,true,,"a:1:{s:11:""contributor"";b:1;}",1,,,,,,,,,,,,,,,,,,,,,,,,,
Amaan,Amaan@gmail.com,13,$P$BGSxs1gqidreKMDyfjIOMFM2oS60s3.,amaan,,"2023-03-17 09:57:46","Amaan Ball",subscriber,Amaan,Amaan,Ball,,true,true,false,fresh,0,true,,"a:1:{s:10:""subscriber"";b:1;}",0,,,,,,,,,,,,,,,,,,,,,,,,,
Bethan,bethan@gmail.com,20,$P$BlkxghnmFT5KZIrmMgJRe68CetRi6q1,bethan,,"2023-03-19 08:24:12","Bethan Christian",contributor,Bethan,Bethan,Christian,,true,true,false,fresh,0,true,,"a:1:{s:11:""contributor"";b:1;}",1,,,,,,,,,,,,,,,,,,,,,,,,,
Bethany,bethany@gmail.com,26,$P$BQxgOF5Dg1DxlJKDdr3rtcdGuvMWzm1,bethany,,"2023-03-19 08:27:43","Bethany Chapman",contributor,Bethany,Bethany,Chapman,,true,true,false,fresh,0,true,,"a:1:{s:11:""contributor"";b:1;}",1,,,,,,,,,,,,,,,,,,,,,,,,,
Brodie,brodie@gmil.com,28,$P$BJtJqaHYEJkDl.uCmg8FrMZZzHHoo60,brodie,,"2023-03-19 08:28:39","Brodie Cummings",contributor,Brodie,Brodie,Cummings,,true,true,false,fresh,0,true,,"a:1:{s:11:""contributor"";b:1;}",1,,,,,,,,,,,,,,,,,,,,,,,,,
Bruno,bruno@gmail.com,22,$P$BMoYMYcssSIXLP3vXE5bDpVwUHPgGe0,bruno,,"2023-03-19 08:25:36","Bruno Blankenship",contributor,Bruno,Bruno,Blankenship,,true,true,false,fresh,0,true,,"a:1:{s:11:""contributor"";b:1;}",1,,,,,,,,,,,,,,,,,,,,,,,,,
Claire,ClaireSnyder@gmail.com,5,$P$B4i40/J1piA7ivkT95nEpuFOPVH10u0,claire,,"2023-03-17 09:53:45","Claire Snyder",subscriber,Claire,Claire,Snyder,,true,true,false,fresh,0,true,,"a:1:{s:10:""subscriber"";b:1;}",0,,,,,,,,,,,,,,,,,,,,,,,,,
Evie,evie@gmail.com,27,$P$BQApivt6I2j4myj8h4xwc02Q1w4ape/,evie,,"2023-03-19 08:28:09","Evie Cline",contributor,Evie,Evie,Cline,,true,true,false,fresh,0,true,,"a:1:{s:11:""contributor"";b:1;}",1,,,,,,,,,,,,,,,,,,,,,,,,,
Helen,Helen@gmail.com,16,$P$B28PbIn7yb7GEQQtifh5k4g9Ur8ow3/,helen,,"2023-03-17 09:58:59","Helen Brown",subscriber,Helen,Helen,Brown,,true,true,false,fresh,0,true,,"a:1:{s:10:""subscriber"";b:1;}",0,,,,,,,,,,,,,,,,,,,,,,,,,
inma,inma@email.com,3,$P$BheQOCSPaXU7wr4iQrV1u65aMao5Z.1,inma,,"2023-03-17 09:38:26","Inma Pérez",subscriber,inma,Inma,Pérez,,true,true,false,fresh,0,true,,"a:1:{s:10:""subscriber"";b:1;}",0,,,,,,,,,,,,,,,,,,,,,,,,,
Izaak,izaak@gmail.com,25,$P$BWN4j5sjrYy0HjEPALKebA4y48RlaO.,izaak,,"2023-03-19 08:27:16","Izaak Jacobson",contributor,Izaak,Izaak,Jacobson,,true,true,false,fresh,0,true,,"a:1:{s:11:""contributor"";b:1;}",1,,,,,,,,,,,,,,,,,,,,,,,,,
javier,carazo@correo.es,2,$P$BuOKO5u1kIX8z4aFV4k26MzW/D123F0,javier,,"2023-03-17 09:38:25","Javier Carazo",contributor,javier,Javier,Carazo,,true,true,false,fresh,0,true,,"a:2:{s:8:""customer"";b:1;s:11:""contributor"";b:1;}",1,,,,,,,,,,Javier,Carazo,carazo@correo.es,600000000,ES,"c/ Islas",Córdoba,CO,14001,Javier,Carazo,ES,"c/ Islas",Córdoba,CO,14001
Jazmine,Jazmine@gmail.com,7,$P$BzA9joh7ReDBzFnyoZHKNgl/T7dmJ80,jazmine,,"2023-03-17 09:55:09","Jazmine Bentley",subscriber,Jazmine,Jazmine,Bentley,,true,true,false,fresh,0,true,,"a:1:{s:10:""subscriber"";b:1;}",0,,,,,,,,,,,,,,,,,,,,,,,,,
Jenson,Jenson@gmail.com,18,$P$BmMTOh7RTxr4FXFF8JuNwjHUnzBHou.,jenson,,"2023-03-17 09:59:48","Jenson Orozco",subscriber,Jenson,Jenson,Orozco,,true,true,false,fresh,0,true,,"a:1:{s:10:""subscriber"";b:1;}",0,,,,,,,,,,,,,,,,,,,,,,,,,
Jerry,Jerry@gmail.com,10,$P$Bs.MLnnLBUYuL64Ux/U6qlQcA2gaA90,jerry,,"2023-03-17 09:56:35","Jerry Salazar",subscriber,Jerry,Jerry,Salazar,,true,true,false,fresh,0,true,,"a:1:{s:10:""subscriber"";b:1;}",0,,,,,,,,,,,,,,,,,,,,,,,,,
John,John@gmail.com,9,$P$BdyTShG.Tif.jz3PYMRZjVQCl6hSeT.,john,,"2023-03-17 09:56:04","John Sullivan",subscriber,John,John,Sullivan,,true,true,false,fresh,0,true,,"a:1:{s:10:""subscriber"";b:1;}",0,,,,,,,,,,,,,,,,,,,,,,,,,
Josephine,Josephine@gmail.com,14,$P$Bo/vv76lvC05bYK6.nGvBUReIaHJKg1,josephine,,"2023-03-17 09:58:16","Josephine Mcgrath",subscriber,Josephine,Josephine,Mcgrath,,true,true,false,fresh,0,true,,"a:1:{s:10:""subscriber"";b:1;}",0,,,,,,,,,,,,,,,,,,,,,,,,,
Keith,Keith@gmail.com,12,$P$B9UBWq3qSvYNG7RY2IAYZFNCj6WD4C/,keith,,"2023-03-17 09:57:25","Keith Willis",subscriber,Keith,Keith,Willis,,true,true,false,fresh,0,true,,"a:1:{s:10:""subscriber"";b:1;}",0,,,,,,,,,,,,,,,,,,,,,,,,,
Kristina,kristina@gmail.com,23,$P$Boms1KQQxOStLzJehQeeVVdySQyBcc.,kristina,,"2023-03-19 08:26:10","Kristina Navarro",contributor,Kristina,Kristina,Navarro,,true,true,false,fresh,0,true,,"a:1:{s:11:""contributor"";b:1;}",1,,,,,,,,,,,,,,,,,,,,,,,,,
Liana,liana@gmail.com,31,$P$BM8zGVS3Scb32vOmaEu0a/Mnft3ivE1,liana,,"2023-03-19 08:31:03","Liana Rich",contributor,Liana,Liana,Rich,,true,true,false,fresh,0,true,,"a:1:{s:11:""contributor"";b:1;}",1,,,,,,,,,,,,,,,,,,,,,,,,,
Macauley,macauley@gmail.com,32,$P$BwbWlrnJ37V4VnUztIJZ2op/TsPgOD1,macauley,,"2023-03-19 08:31:32","Macauley Norton",contributor,Macauley,Macauley,Norton,,true,true,false,fresh,0,true,,"a:1:{s:11:""contributor"";b:1;}",1,,,,,,,,,,,,,,,,,,,,,,,,,
Milo,Milo@gmail.com,8,$P$BDqgvcKe9nybiEo2X5Hfh6IhkVhoKE0,milo,,"2023-03-17 09:55:33",Milo,subscriber,Milo,Milo,,,true,true,false,fresh,0,true,,"a:1:{s:10:""subscriber"";b:1;}",0,,,,,,,,,,,,,,,,,,,,,,,,,
Nataniel,Nataniel@gmail.com,17,$P$B2WmnI86yzu19vnN/fIBUqmqm4j2n7/,nataniel,,"2023-03-17 09:59:21","Nataniel Cantrell",subscriber,Nataniel,Nataniel,Cantrell,,true,true,false,fresh,0,true,,"a:1:{s:10:""subscriber"";b:1;}",0,,,,,,,,,,,,,,,,,,,,,,,,,
Oliwia,Oliwia@gmail.com,11,$P$BI7Th5161H4zYZ3wZdThWZQwJSWNRS1,oliwia,,"2023-03-17 09:56:58","Oliwia Lucas",subscriber,Oliwia,Oliwia,Lucas,,true,true,false,fresh,0,true,,"a:1:{s:10:""subscriber"";b:1;}",0,,,,,,,,,,,,,,,,,,,,,,,,,
Rafe,rafe@gmail.com,21,$P$BCUKEvGmTcDGEZbbjtbmpd7n9R7FUo0,rafe,,"2023-03-19 08:24:59","Rafe Pacheco",contributor,Rafe,Rafe,Pacheco,,true,true,false,fresh,0,true,,"a:1:{s:11:""contributor"";b:1;}",1,,,,,,,,,,,,,,,,,,,,,,,,,
Ronald,ronald@gmail.com,35,$P$BJSuu6Ok1fERElR6lOZrecH12MUO6j0,ronald,,"2023-03-19 08:32:53","Ronald Mathis",contributor,Ronald,Ronald,Mathis,,true,true,false,fresh,0,true,,"a:1:{s:11:""contributor"";b:1;}",1,,,,,,,,,,,,,,,,,,,,,,,,,
Ruben,Ruben@gmail.com,6,$P$Bz5VrHfOxFcsQHItPIS8u5Z43rDo.F0,ruben,,"2023-03-17 09:54:30","Ruben Villarreal",subscriber,Ruben,Ruben,Villarreal,,true,true,false,fresh,0,true,,"a:1:{s:10:""subscriber"";b:1;}",0,,,,,,,,,,,,,,,,,,,,,,,,,
Samson,samson@gmail.com,33,$P$Bgiwzxtq78iYHeu5LdhklDN754foWO.,samson,,"2023-03-19 08:32:01","Samson Lucas",contributor,Samson,Samson,Lucas,,true,true,false,fresh,0,true,,"a:1:{s:11:""contributor"";b:1;}",1,,,,,,,,,,,,,,,,,,,,,,,,,
Shanice,shanice@gmail.com,29,$P$Blvi6hZP3zFUqi0zFnHn6htJMCmZNq/,shanice,,"2023-03-19 08:29:06","Shanice Bloggs",contributor,Shanice,Shanice,Bloggs,,true,true,false,fresh,0,true,,"a:1:{s:11:""contributor"";b:1;}",1,,,,,,,,,,,,,,,,,,,,,,,,,
"test user",admin@admin1.com,4,$P$Bg/tolSqgmL7RysNMMjV8TCtUHW0w81,test-user,,"2023-03-17 09:48:18","asdadsad qwrwerew",subscriber,"test user",asdadsad,qwrwerew,,true,true,false,fresh,0,true,,"a:1:{s:10:""subscriber"";b:1;}",0,,,,,,,,,,,,,,,,,,,,,,,,,
Wesley,wesley@gmail.com,24,$P$B8mb3JdWyxAlp0lHk.Q3/aOdA5MEg/0,wesley,,"2023-03-19 08:26:45","Wesley Bowers",contributor,Wesley,Wesley,Bowers,,true,true,false,fresh,0,true,,"a:1:{s:11:""contributor"";b:1;}",1,,,,,,,,,,,,,,,,,,,,,,,,,
Yasin,yasin@gmail.com,34,$P$Bm27ozJgwtkKBOllSrF6e33GOZhV4t0,yasin,,"2023-03-19 08:32:27","Yasin Ward",contributor,Yasin,Yasin,Ward,,true,true,false,fresh,0,true,,"a:1:{s:11:""contributor"";b:1;}",1,,,,,,,,,,,,,,,,,,,,,,,,,
Zaara,zaara@gmail.com,30,$P$BmXmUwhOzp2xuHtTwtVpkRVFIbIoL91,zaara,,"2023-03-19 08:30:05","Zaara Schmidt",contributor,Zaara,Zaara,Schmidt,,true,true,false,fresh,0,true,,"a:1:{s:11:""contributor"";b:1;}",1,,,,,,,,,,,,,,,,,,,,,,,,,
Zayn,Zayn@gmail.com,19,$P$B32XLvCNlLpX6Jo9A8CIr6twgUzfkq0,zayn,,"2023-03-17 10:00:11","Zayn Hutchinson",subscriber,Zayn,Zayn,Hutchinson,,true,true,false,fresh,0,true,,"a:1:{s:10:""subscriber"";b:1;}",0,,,,,,,,,,,,,,,,,,,,,,,,,
